extractor_config,lambda,ridge_alpha,n_onehot_features,ridge_r2_train,ridge_r2_test,ridge_corr_train,ridge_corr_test,spearman_H_vs_logit_p0_test,spearman_flag,n_unique_p0_test,n_unique_H_test,n_unique_ysoft_test,downstream_ap_hard,downstream_ap_raw_p0,downstream_ap_soft,mean_y_soft_pos,mean_y_soft_neg,separation
heavy_reg,0.0,10.0,690,0.361150241557346,0.002488658212602024,0.6054728851292281,0.26976124595327033,1.0,False,1999,1999,1997,0.41865280680106026,0.42343477964882575,0.38013413078153524,0.7810176922968246,0.4704666049780493,0.3105510873187753
heavy_reg,0.05,10.0,690,0.361150241557346,0.002488658212602024,0.6054728851292281,0.26976124595327033,0.9900668670092669,True,1999,1999,1999,0.41865280680106026,0.42343477964882575,0.4001015807205691,0.7878678455202107,0.4702857252467636,0.3175821202734471
heavy_reg,0.1,10.0,690,0.361150241557346,0.002488658212602024,0.6054728851292281,0.26976124595327033,0.9622681625387418,False,1999,1999,1999,0.41865280680106026,0.42343477964882575,0.3965013779548468,0.7917828087806652,0.47025473529920486,0.32152807348146034
heavy_reg,0.25,10.0,690,0.361150241557346,0.002488658212602024,0.6054728851292281,0.26976124595327033,0.8186400590239948,True,1999,1999,1998,0.41865280680106026,0.42343477964882575,0.4241540998647977,0.7932504455401836,0.46911099876470724,0.3241394467754764
light_reg,0.0,10.0,2482,0.652880183315754,-0.35886189396452983,0.8304801040174389,-0.0011818365891520222,1.0,False,2000,2000,2000,0.41865280680106026,0.4347461123901577,0.42068531541643633,0.8188459387525093,0.4687005023299435,0.35014543642256585
light_reg,0.05,10.0,2482,0.652880183315754,-0.35886189396452983,0.8304801040174389,-0.0011818365891520222,0.999291212322803,True,2000,2000,2000,0.41865280680106026,0.4347461123901577,0.4159893524968932,0.8192783139656246,0.46977429683998606,0.3495040171256385
light_reg,0.1,10.0,2482,0.652880183315754,-0.35886189396452983,0.8304801040174389,-0.0011818365891520222,0.9972327513081878,True,2000,2000,2000,0.41865280680106026,0.4347461123901577,0.41836174810805715,0.819420477412582,0.47068396132653856,0.3487365160860434
light_reg,0.25,10.0,2482,0.652880183315754,-0.35886189396452983,0.8304801040174389,-0.0011818365891520222,0.9832003483000871,False,2000,2000,2000,0.41865280680106026,0.4347461123901577,0.40069554020385983,0.8174677288742829,0.47337913456669556,0.3440885943075873
