variance_threshold,pca_dimensions_required,cumulative_explained_variance,relative_reconstruction_error
0.8,96,0.8049916998907544,0.19500830010924564
0.9,111,0.9030947944020263,0.09690520559797366
0.95,119,0.9511599731118725,0.0488400268881275
0.99,126,0.990187822818811,0.009812177181188986
