sweep,depth,iterations,rmse,r2
depth,2,300,0.1254974689745249,0.4080979347398578
depth,4,300,0.12495524797311415,0.41320159789831024
depth,6,300,0.1260397059395735,0.40297202185816383
depth,10,300,0.12753940428420618,0.3886798803722967
iterations,6,10,0.14154782563199395,0.2470149980710007
iterations,6,50,0.12604230346904285,0.40294741352167573
iterations,6,200,0.1254075660438803,0.4089456756597456
iterations,6,800,0.12962525427753552,0.368520634677038
