trial,depth,iterations,complexity
4,1,23,3.1780538303479458
12,2,173,10.318110598429058
13,2,470,12.309716188032835
9,3,262,16.716462096533295
5,3,323,17.342230547376985
8,4,235,21.855327220102442
16,5,85,22.27173648126754
1,5,409,30.080785798491767
14,6,224,32.49660241322652
6,7,125,33.85397334866035
3,6,303,34.30216620843733
10,9,64,37.569485429060734
11,8,398,47.91169133511891
7,8,459,49.04981191586513
2,10,163,50.99866427824199
15,9,364,53.09907618224242
